"Requirement ID","Requirement","Use case","Test case IDs","Bug ID","Fix commit","Evidence","Status"
"REQ-AUTH-01","Đăng ký tài khoản Student","UC-AUTH-01 Đăng ký tài khoản","TC-API-09; TC-API-22; TC-E2E-04","—","—","backend/tests/api.spec.ts; tests/e2e/studyspace.spec.ts; docs/07-test-summary-report.md","Đạt — xác minh tự động"
"REQ-AUTH-02","Đăng nhập và xác thực phiên","UC-AUTH-02 Đăng nhập","TC-API-01; TC-API-09; TC-API-10; TC-API-20; TC-API-22; TC-E2E-03","—","—","backend/tests/api.spec.ts; tests/e2e/studyspace.spec.ts; docs/07-test-summary-report.md","Đạt — xác minh tự động"
"REQ-AUTH-03","Hồ sơ người dùng","UC-AUTH-03 Xem và cập nhật hồ sơ","TC-API-17; TC-API-22; TC-E2E-09","—","—","backend/tests/api.spec.ts; tests/e2e/studyspace.spec.ts; docs/07-test-summary-report.md","Đạt — xác minh tự động"
"REQ-AUTH-04","Phân quyền","UC-AUTH-04 Phân quyền quản trị","TC-API-02; TC-API-12; TC-API-25; TC-API-28; TC-API-30","—","—","backend/tests/api.spec.ts; docs/07-test-summary-report.md","Đạt — xác minh tự động"
"REQ-ROOM-01","Tra cứu phòng công khai","UC-ROOM-01 Tìm phòng và xem khả dụng","TC-API-05; TC-API-11; TC-API-23; TC-E2E-01","—","—","backend/tests/api.spec.ts; tests/e2e/studyspace.spec.ts; docs/07-test-summary-report.md","Đạt — xác minh tự động"
"REQ-ROOM-02","Xem khả dụng theo ngày","UC-ROOM-01 Tìm phòng và xem khả dụng","TC-API-05; TC-API-23; TC-E2E-01","—","—","backend/tests/api.spec.ts; tests/e2e/studyspace.spec.ts; docs/07-test-summary-report.md","Đạt — xác minh tự động"
"REQ-ROOM-03","Quản lý phòng","UC-ROOM-02 Tạo hoặc cập nhật phòng","TC-API-11; TC-API-16; TC-API-25; TC-API-26; TC-E2E-02","—","—","backend/tests/api.spec.ts; tests/e2e/studyspace.spec.ts; docs/07-test-summary-report.md","Đạt — xác minh tự động"
"REQ-ROOM-04","Quản lý thiết bị","UC-ROOM-03 Quản lý thiết bị phòng","TC-API-11; TC-API-15; TC-API-18; TC-API-26; TC-E2E-07","—","—","backend/tests/api.spec.ts; tests/e2e/studyspace.spec.ts; docs/07-test-summary-report.md","Đạt — xác minh tự động"
"REQ-ROOM-05","Lịch đóng phòng","UC-ROOM-04 Quản lý lịch đóng phòng","TC-API-06; TC-API-16; TC-API-25; TC-API-26","—","—","backend/tests/api.spec.ts; docs/07-test-summary-report.md","Đạt — xác minh tự động"
"REQ-BOOK-01","Tạo booking","UC-BOOK-01 Đặt chỗ","TC-UNIT-01; TC-UNIT-02; TC-UNIT-03; TC-UNIT-04; TC-API-03; TC-API-06; TC-API-10; TC-E2E-01","BUG-001","14279ac","backend/tests/booking-policy.spec.ts; backend/tests/api.spec.ts; tests/e2e/studyspace.spec.ts; docs/08-bug-reports.md","Đạt — BUG-001 đã retest"
"REQ-BOOK-02","Ngăn xung đột","UC-BOOK-01 Đặt chỗ","TC-API-04; TC-API-29; TC-NF-01; TC-NF-02","BUG-003","80d474c","backend/tests/api.spec.ts; docs/evidence/k6-summary.json; docs/evidence/k6-booking-race-summary.json; docs/07-test-summary-report.md; docs/08-bug-reports.md","Đạt — BUG-003 đã retest"
"REQ-BOOK-03","Xem lịch sử","UC-BOOK-02 Xem lịch sử booking","TC-API-12; TC-E2E-06","—","—","backend/tests/api.spec.ts; tests/e2e/studyspace.spec.ts; docs/07-test-summary-report.md","Đạt — xác minh tự động"
"REQ-BOOK-04","Hủy và check-in","UC-BOOK-03 Hủy booking; UC-BOOK-04 Check-in","TC-UNIT-05; TC-API-07; TC-API-12; TC-API-13; TC-API-19; TC-API-24; TC-E2E-01","—","—","backend/tests/booking-policy.spec.ts; backend/tests/api.spec.ts; tests/e2e/studyspace.spec.ts; docs/07-test-summary-report.md","Đạt — xác minh tự động"
"REQ-REPORT-01","Vận hành người dùng và booking","UC-REPORT-01 Quản lý người dùng và booking","TC-API-12; TC-API-14; TC-API-19; TC-API-25; TC-API-27; TC-API-28; TC-E2E-02","—","—","backend/tests/api.spec.ts; tests/e2e/studyspace.spec.ts; docs/07-test-summary-report.md","Đạt — xác minh tự động"
"REQ-REPORT-02","Báo cáo sử dụng","UC-REPORT-02 Xem báo cáo sử dụng","TC-API-08; TC-E2E-02","—","—","backend/tests/api.spec.ts; tests/e2e/studyspace.spec.ts; docs/07-test-summary-report.md","Đạt — xác minh tự động"
